{
    "opinions": {
        "0": -1.0,
        "1": 0.0,
        "2": 0.0,
        "3": 0.5,
        "4": 1.0,
        "5": 1.0,
        "6": 0.5,
        "7": -0.5,
        "8": -1.0,
        "9": 0.0,
        "10": -1,
        "11": 0.5,
        "12": 0.0,
        "13": 0.0,
        "14": -1.0,
        "15": 1.0,
        "16": -1.0,
        "17": 1.0,
        "18": 1.0,
        "19": 0.5,
        "20": 0.0,
        "21": -0.5,
        "22": 1.0,
        "23": 1.0,
        "24": -0.5,
        "25": 1.0,
        "26": 0.5,
        "27": 1.0,
        "28": 0.5,
        "29": 0.0,
        "30": 1,
        "31": 0.0,
        "32": 1.0,
        "33": 1.0,
        "34": 1.0,
        "35": 0.0,
        "36": -1.0,
        "37": -1.0,
        "38": 0.5,
        "39": -1.0,
        "40": -1.0,
        "41": -0.5,
        "42": -0.5,
        "43": 1.0,
        "44": -0.5,
        "45": -0.5,
        "46": 0.5,
        "47": 0.0,
        "48": -0.5,
        "49": 0.5
    },
    "stubbornness": {
        "0": 0.47377256360504927,
        "1": 0.506025101726176,
        "2": 0.4219530786103351,
        "3": 0.5190094881623876,
        "4": 0.3465553043730152,
        "5": 0.3936566750205857,
        "6": 0.4383032166876438,
        "7": 0.5862193715454204,
        "8": 0.5329131336553842,
        "9": 0.5731892956102246,
        "10": 1,
        "11": 0.4312732472817762,
        "12": 0.4606044149278744,
        "13": 0.5148115817769097,
        "14": 0.5996321074238812,
        "15": 0.5058795332433591,
        "16": 0.4850233361023214,
        "17": 0.4865227212562257,
        "18": 0.4513296556629924,
        "19": 0.4093387908197229,
        "20": 0.5245696095626683,
        "21": 0.5313048713274455,
        "22": 0.2735801849796548,
        "23": 0.39476816665329495,
        "24": 0.5857361957234815,
        "25": 0.29872173509033234,
        "26": 0.42865847454196004,
        "27": 0.4587596158155097,
        "28": 0.4058269140157444,
        "29": 0.6081694260701374,
        "30": 1,
        "31": 0.45478380148837366,
        "32": 0.4958616999926312,
        "33": 0.6423248630708756,
        "34": 0.4134317887381632,
        "35": 0.5278199416408152,
        "36": 0.5896812172083783,
        "37": 0.5650613860458893,
        "38": 0.3805953362681327,
        "39": 0.6626519311863059,
        "40": 0.46385317116096014,
        "41": 0.5471569107160736,
        "42": 0.5561696607968701,
        "43": 0.49254631149505335,
        "44": 0.3469233598068651,
        "45": 0.5858552211639854,
        "46": 0.5327423492795504,
        "47": 0.26265466213765565,
        "48": 0.47456736562508756,
        "49": 0.46813031423725093
    }
}
